log_file,best_temp,num_acc_mean,num_acc_std,ave_time_mean,ave_time_std
output.log,0.7,0.124,0.06155214591439251,1.722384119475329,0.0023343601183858846
