log_file,best_temp,num_acc_mean,num_acc_std,ave_time_mean,ave_time_std
output.log,0.9,0.9383333333333335,0.04189935029992177,1.7353854715824129,0.0005312650635567736
