log_file,best_temp,num_acc_mean,num_acc_std,ave_time_mean,ave_time_std
output.log,0.7,0.075,0.021602468994692866,1.7217538547515872,0.00760936964611206
