log_file,best_temp,num_acc_mean,num_acc_std,ave_time_mean,ave_time_std
output.log,0.7,0.9116666666666666,0.056322484162386,2.1890467703342438,0.13165144830178527
