log_file,best_temp,num_acc_mean,num_acc_std,ave_time_mean,ave_time_std
output.log,0.7,0.785,0.010801234497346443,1.7134452160199485,0.03914416477254941
