log_file,best_temp,num_acc_mean,num_acc_std,ave_time_mean,ave_time_std
output.log,0.9,0.10566666666666669,0.00801387685344754,1.7892777200098393,0.006512018133037095
