log_file,best_temp,num_acc_mean,num_acc_std,ave_time_mean,ave_time_std
output.log,0.3,0.167,0.06435837163881634,1.9480621885370324,0.0023737300046039523
