log_file,best_temp,num_acc_mean,num_acc_std,ave_time_mean,ave_time_std
output.log,0.3,0.1723333333333333,0.011728408057172785,1.9238900467201516,0.01536721495888067
