log_file,best_temp,num_acc_mean,num_acc_std,ave_time_mean,ave_time_std
output.log,0.7,0.09633333333333333,0.02344260129668966,1.8291651540332372,0.0014002553418413705
