log_file,best_temp,num_acc_mean,num_acc_std,ave_time_mean,ave_time_std
output.log,0.9,0.10733333333333334,0.005185449728701347,1.7659996138678657,0.046407486389921856
