log_file,best_temp,num_acc_mean,num_acc_std,ave_time_mean,ave_time_std
output.log,0.5,0.19066666666666668,0.022291004663067323,1.7981888285389651,0.0021709239070198194
