log_file,best_temp,num_acc_mean,num_acc_std,ave_time_mean,ave_time_std
output.log,0.1,0.06,0.04262237284181474,1.7776207474867503,0.0018684731866307279
