log_file,best_temp,num_acc_mean,num_acc_std,ave_time_mean,ave_time_std
output.log,0.5,0.6816666666666666,0.05201495511442411,1.9584632488091787,0.09409181737386248
