log_file,best_temp,num_acc_mean,num_acc_std,ave_time_mean,ave_time_std
output.log,0.9,0.875,0.09027735042633894,1.7914720086256661,0.0021975793627993802
