log_file,best_temp,num_acc_mean,num_acc_std,ave_time_mean,ave_time_std
output.log,0.1,0.4366666666666667,0.02094967514996091,1.7215878887971243,0.006272568392332935
