log_file,best_temp,num_acc_mean,num_acc_std,ave_time_mean,ave_time_std
output.log,0.7,0.10333333333333333,0.002357022603955154,1.837551371653875,0.0007317516006505323
