log_file,best_temp,num_acc_mean,num_acc_std,ave_time_mean,ave_time_std
output.log,0.7,0.8449999999999999,0.09755340417774598,1.697291818062464,0.048738964165474775
