log_file,best_temp,num_acc_mean,num_acc_std,ave_time_mean,ave_time_std
output.log,0.5,0.27566666666666667,0.044783429475148025,1.8335940648008275,0.006962453240716291
