log_file,best_temp,num_acc_mean,num_acc_std,ave_time_mean,ave_time_std
output.log,0.1,0.4533333333333333,0.022484562605386726,1.756177993218104,0.0042627869946494125
