log_file,best_temp,num_acc_mean,num_acc_std,ave_time_mean,ave_time_std
output.log,0.1,0.46166666666666667,0.012472191289246462,1.7890559327602389,0.001749233587119583
