log_file,best_temp,num_acc_mean,num_acc_std,ave_time_mean,ave_time_std
output.log,0.9,0.9199999999999999,0.057879184513951125,1.8554234572251638,0.003951328729169143
