log_file,best_temp,num_acc_mean,num_acc_std,ave_time_mean,ave_time_std
output.log,0.3,0.105,0.01471960144387974,1.8959095482031507,0.008694465714424603
