log_file,best_temp,num_acc_mean,num_acc_std,ave_time_mean,ave_time_std
output.log,0.9,0.8366666666666668,0.05734883511361752,1.7211032036940257,0.057188246001460975
