log_file,best_temp,num_acc_mean,num_acc_std,ave_time_mean,ave_time_std
output.log,0.9,0.09999999999999999,0.023762715894162158,2.0032564021922923,0.058955598532756316
