log_file,best_temp,num_acc_mean,num_acc_std,ave_time_mean,ave_time_std
output.log,0.3,0.18166666666666664,0.02260285134421958,1.854189486415298,0.0004761784432648547
