log_file,best_temp,num_acc_mean,num_acc_std,ave_time_mean,ave_time_std
output.log,0.9,0.6916666666666668,0.3423529692518462,1.7195073819160462,0.00431964358409606
