log_file,best_temp,num_acc_mean,num_acc_std,ave_time_mean,ave_time_std
output.log,0.5,0.7683333333333334,0.10019425576792758,1.6623609137535096,0.028670429439483374
