log_file,best_temp,num_acc_mean,num_acc_std,ave_time_mean,ave_time_std
output.log,0.1,0.49,0.021602468994692887,1.9056260279814403,0.008595610129908667
