log_file,best_temp,num_acc_mean,num_acc_std,ave_time_mean,ave_time_std
output.log,0.1,0.4283333333333333,0.016499158227686123,1.681993625561396,0.01082475051846039
