log_file,best_temp,num_acc_mean,num_acc_std,ave_time_mean,ave_time_std
output.log,0.9,0.5249999999999999,0.036742346141747664,1.8222216133276623,0.003990988162647657
