log_file,best_temp,num_acc_mean,num_acc_std,ave_time_mean,ave_time_std
output.log,0.9,0.8700000000000001,0.07176350047203663,1.827865710258484,0.006065322888108909
