log_file,best_temp,num_acc_mean,num_acc_std,ave_time_mean,ave_time_std
output.log,0.3,0.44333333333333336,0.03771236166328251,2.2343623197078704,0.037411231713116284
