log_file,best_temp,num_acc_mean,num_acc_std,ave_time_mean,ave_time_std
output.log,0.1,0.2833333333333334,0.03961761673240272,1.7788662062750922,0.002382035284674944
