log_file,best_temp,num_acc_mean,num_acc_std,ave_time_mean,ave_time_std
output.log,0.1,0.8283333333333333,0.24277332820738132,1.76822061141332,0.0012064084015723014
