log_file,best_temp,num_acc_mean,num_acc_std,ave_time_mean,ave_time_std
output.log,0.5,0.7916666666666666,0.17579975982792342,1.7392659159501394,0.002422072833285331
