log_file,best_temp,num_acc_mean,num_acc_std,ave_time_mean,ave_time_std
output.log,0.1,0.18533333333333335,0.03026916289265731,1.7710601104630364,0.004392987301926758
