log_file,best_temp,num_acc_mean,num_acc_std,ave_time_mean,ave_time_std
output.log,0.7,0.06666666666666667,0.033993463423951896,1.739338181813558,0.0008517635328565834
