log_file,best_temp,num_acc_mean,num_acc_std,ave_time_mean,ave_time_std
output.log,0.7,0.8416666666666667,0.0572033410057684,1.7784640133380891,0.02053821349241657
