log_file,best_temp,num_acc_mean,num_acc_std,ave_time_mean,ave_time_std
output.log,0.9,0.7666666666666666,0.08329999333066532,1.6223859572410584,0.07849031319498999
