log_file,best_temp,num_acc_mean,num_acc_std,ave_time_mean,ave_time_std
output.log,0.5,0.34833333333333333,0.15813145024173894,1.653517496585846,0.024973386902142097
