log_file,best_temp,num_acc_mean,num_acc_std,ave_time_mean,ave_time_std
output.log,0.1,0.7966666666666667,0.1360351261827457,1.7680473947525026,0.005111828119378626
