log_file,best_temp,num_acc_mean,num_acc_std,ave_time_mean,ave_time_std
output.log,0.1,0.41333333333333333,0.03965125751123441,1.7215020219484964,0.03747757122666024
