log_file,best_temp,num_acc_mean,num_acc_std,ave_time_mean,ave_time_std
output.log,0.5,0.11866666666666666,0.009285592184789413,1.800731675271635,0.03228533843185594
