log_file,best_temp,num_acc_mean,num_acc_std,ave_time_mean,ave_time_std
output.log,0.3,0.09000000000000001,0.04143267631552018,1.839454260667165,0.001492095555166282
