log_file,best_temp,num_acc_mean,num_acc_std,ave_time_mean,ave_time_std
output.log,0.7,0.10666666666666667,0.004714045207910314,1.822502224445343,0.001254503954243875
