log_file,best_temp,num_acc_mean,num_acc_std,ave_time_mean,ave_time_std
output.log,0.7,0.10333333333333333,0.022484562605386737,1.823065365552902,0.0005022306389793128
