log_file,best_temp,num_acc_mean,num_acc_std,ave_time_mean,ave_time_std
output.log,0.5,0.7733333333333334,0.009428090415820642,1.7610583106676738,0.04699787424680287
