log_file,best_temp,num_acc_mean,num_acc_std,ave_time_mean,ave_time_std
output.log,0.5,0.8066666666666666,0.16584798930211833,1.7929490995407102,0.0023704285486234496
