log_file,best_temp,num_acc_mean,num_acc_std,ave_time_mean,ave_time_std
output.log,0.7,0.124,0.06155214591439251,1.7083635286048608,0.004738989640460118
