log_file,best_temp,num_acc_mean,num_acc_std,ave_time_mean,ave_time_std
output.log,0.7,0.7600000000000001,0.09192388155425116,2.016629502773285,0.08401154211345892
