log_file,best_temp,num_acc_mean,num_acc_std,ave_time_mean,ave_time_std
output.log,0.5,0.20833333333333334,0.17437188866200756,1.6601232302188873,0.007720036927828743
