log_file,best_temp,num_acc_mean,num_acc_std,ave_time_mean,ave_time_std
output.log,0.3,0.43333333333333335,0.009428090415820642,1.6816426646709441,0.006187899521773554
