log_file,best_temp,num_acc_mean,num_acc_std,ave_time_mean,ave_time_std
output.log,0.5,0.42333333333333334,0.022484562605386733,1.7448879277706146,0.005563971135825078
