log_file,best_temp,num_acc_mean,num_acc_std,ave_time_mean,ave_time_std
output.log,0.7,0.09266666666666667,0.029408993333483704,1.7564402911398147,0.013871527240940172
