log_file,best_temp,num_acc_mean,num_acc_std,ave_time_mean,ave_time_std
output.log,0.1,0.24333333333333332,0.17099382704907473,1.8631658677260081,0.0035769834733900743
