log_file,best_temp,num_acc_mean,num_acc_std,ave_time_mean,ave_time_std
output.log,0.9,0.08666666666666667,0.006236095644623235,1.742640197277069,0.0036348688325960406
