log_file,best_temp,num_acc_mean,num_acc_std,ave_time_mean,ave_time_std
output.log,0.7,0.09666666666666668,0.016499158227686102,1.82769668340683,0.008666451155989567
