log_file,best_temp,num_acc_mean,num_acc_std,ave_time_mean,ave_time_std
output.log,0.3,0.5499999999999999,0.03082207001484486,1.7763124756018323,0.02403490011710854
