log_file,best_temp,num_acc_mean,num_acc_std,ave_time_mean,ave_time_std
output.log,0.7,0.09633333333333333,0.02344260129668966,1.7633226341671413,0.0063449973046128
