log_file,best_temp,num_acc_mean,num_acc_std,ave_time_mean,ave_time_std
output.log,0.7,0.09666666666666668,0.01433720877840438,1.7459155865510303,0.0038935351512361036
