log_file,best_temp,num_acc_mean,num_acc_std,ave_time_mean,ave_time_std
output.log,0.3,0.47333333333333333,0.07982620009885368,1.827350740035375,0.017540511319101715
