log_file,best_temp,num_acc_mean,num_acc_std,ave_time_mean,ave_time_std
output.log,0.1,0.7016666666666667,0.030092450142112957,1.5314784149328868,0.23591211738913132
