log_file,best_temp,num_acc_mean,num_acc_std,ave_time_mean,ave_time_std
output.log,0.5,0.035333333333333335,0.045791799362865065,1.8282382086471276,0.002484194652738919
