log_file,best_temp,num_acc_mean,num_acc_std,ave_time_mean,ave_time_std
output.log,0.1,0.41500000000000004,0.06013872850889573,2.192655785481135,0.130580663517903
