log_file,best_temp,num_acc_mean,num_acc_std,ave_time_mean,ave_time_std
output.log,0.5,0.47,0.012247448713915879,1.8957469785213472,0.008990822593491161
