log_file,best_temp,num_acc_mean,num_acc_std,ave_time_mean,ave_time_std
output.log,0.9,0.395,0.10424330514074592,1.8029485042889914,0.001556338390028634
