log_file,best_temp,num_acc_mean,num_acc_std,ave_time_mean,ave_time_std
output.log,0.9,0.6216666666666667,0.28155323159612683,1.739766218662262,0.0020668848920952134
