log_file,best_temp,num_acc_mean,num_acc_std,ave_time_mean,ave_time_std
output.log,0.5,0.8166666666666668,0.027788886667555083,2.2015530852476757,0.059857616161008396
