log_file,best_temp,num_acc_mean,num_acc_std,ave_time_mean,ave_time_std
output.log,0.3,0.11,0.045460605656619524,1.7230978608131409,0.004068860478368763
