log_file,best_temp,num_acc_mean,num_acc_std,ave_time_mean,ave_time_std
output.log,0.9,0.8516666666666667,0.12860361149240282,1.7084676150480904,0.016098265161118067
