log_file,best_temp,num_acc_mean,num_acc_std,ave_time_mean,ave_time_std
output.log,0.7,0.8099999999999999,0.17639916855435195,1.8137941940625506,0.008172037588311937
