log_file,best_temp,num_acc_mean,num_acc_std,ave_time_mean,ave_time_std
output.log,0.7,0.19633333333333333,0.03154185931248964,1.9458951380517746,0.004859803312144004
