log_file,best_temp,num_acc_mean,num_acc_std,ave_time_mean,ave_time_std
output.log,0.5,0.8300000000000001,0.057154760664940824,2.074946302572886,0.16264843580866298
