log_file,best_temp,num_acc_mean,num_acc_std,ave_time_mean,ave_time_std
output.log,0.9,0.8166666666666668,0.029533408577782225,1.7810388422012329,0.024340839599168846
