log_file,best_temp,num_acc_mean,num_acc_std,ave_time_mean,ave_time_std
output.log,0.1,0.6516666666666667,0.04870546398734153,1.725233942270279,0.019551434017028503
