log_file,best_temp,num_acc_mean,num_acc_std,ave_time_mean,ave_time_std
output.log,0.1,0.222,0.022861904265976327,2.0420080030405963,0.14819192758498226
