log_file,best_temp,num_acc_mean,num_acc_std,ave_time_mean,ave_time_std
output.log,0.7,0.10166666666666667,0.03299831645537222,1.8600833137830097,0.019415184992702155
