log_file,best_temp,num_acc_mean,num_acc_std,ave_time_mean,ave_time_std
output.log,0.7,0.8316666666666667,0.0758653778449403,1.8133702766895297,0.040401825613891475
