log_file,best_temp,num_acc_mean,num_acc_std,ave_time_mean,ave_time_std
output.log,0.3,0.765,0.13347908700117286,1.7583876172701516,0.057237711068485825
