log_file,best_temp,num_acc_mean,num_acc_std,ave_time_mean,ave_time_std
output.log,0.7,0.4033333333333333,0.030092450142112984,1.8889633282025653,0.15547620612741184
