log_file,best_temp,num_acc_mean,num_acc_std,ave_time_mean,ave_time_std
output.log,0.9,0.7833333333333333,0.15369522511198005,1.745136232773463,0.0036109762298985513
