log_file,best_temp,num_acc_mean,num_acc_std,ave_time_mean,ave_time_std
output.log,0.3,0.8133333333333334,0.016499158227686075,1.8730150353908541,0.011071452307992056
