log_file,best_temp,num_acc_mean,num_acc_std,ave_time_mean,ave_time_std
output.log,0.9,0.8233333333333334,0.13689006132254045,1.7063550643126169,0.007273004331824279
