log_file,best_temp,num_acc_mean,num_acc_std,ave_time_mean,ave_time_std
output.log,0.7,0.7983333333333333,0.09401536517446969,1.8282075373331705,0.135795596017525
