log_file,best_temp,num_acc_mean,num_acc_std,ave_time_mean,ave_time_std
output.log,0.3,0.7766666666666667,0.006236095644623242,1.8195748285452524,0.07438649811326656
