log_file,best_temp,num_acc_mean,num_acc_std,ave_time_mean,ave_time_std
output.log,0.1,0.41,0.049665548085837785,1.9642748618125916,0.025505483921479465
