log_file,best_temp,num_acc_mean,num_acc_std,ave_time_mean,ave_time_std
output.log,0.9,0.8616666666666667,0.12498888839501779,1.7731288568178811,0.0220187371400971
