log_file,best_temp,num_acc_mean,num_acc_std,ave_time_mean,ave_time_std
output.log,0.9,0.9383333333333334,0.0702772288076934,1.8233230201403299,0.0003376929099964878
