log_file,best_temp,num_acc_mean,num_acc_std,ave_time_mean,ave_time_std
output.log,0.3,0.12666666666666668,0.032998316455372226,1.9039810609817505,0.00878786742240802
