log_file,best_temp,num_acc_mean,num_acc_std,ave_time_mean,ave_time_std
output.log,0.9,0.7916666666666666,0.10410998457827611,1.7225952951113381,0.07994155892820647
