log_file,best_temp,num_acc_mean,num_acc_std,ave_time_mean,ave_time_std
output.log,0.3,0.5866666666666667,0.06649979114420002,1.6266304850578308,0.06359125586410616
