log_file,best_temp,num_acc_mean,num_acc_std,ave_time_mean,ave_time_std
output.log,0.7,0.17233333333333334,0.06673496501501709,1.876482818303285,0.0011087077855746112
