log_file,best_temp,num_acc_mean,num_acc_std,ave_time_mean,ave_time_std
output.log,0.3,0.445,0.029439202887759492,1.6420104563236235,0.011224144318598712
